{
  "method": "raw",
  "prompt": "P1_basic",
  "split": "test",
  "n_images": 331,
  "counting": {
    "low": {
      "MAE": 17.419047619047618,
      "RMSE": 24.471752423287278,
      "n": 105
    },
    "mid": {
      "MAE": 14.593457943925234,
      "RMSE": 19.971357995562443,
      "n": 214
    },
    "high": {
      "MAE": 37.333333333333336,
      "RMSE": 37.67404057614916,
      "n": 12
    },
    "all": {
      "MAE": 16.31419939577039,
      "RMSE": 22.34500153626285,
      "n": 331
    }
  },
  "localization_f1_mean": 0.25985310053622956
}