{
  "method": "raw",
  "prompt": "P1_basic",
  "split": "test",
  "n_images": 50,
  "counting": {
    "low": {
      "MAE": 12.176470588235293,
      "RMSE": 14.862111321786568,
      "n": 17
    },
    "mid": {
      "MAE": 11.380952380952381,
      "RMSE": 13.840933081675837,
      "n": 21
    },
    "high": {
      "MAE": 37.333333333333336,
      "RMSE": 37.67404057614916,
      "n": 12
    },
    "all": {
      "MAE": 17.88,
      "RMSE": 22.27554713132766,
      "n": 50
    }
  },
  "localization_f1_mean": 0.2709871895523248
}