{
  "method": "yolo",
  "weights": "runs/detect/outputs/yolo_train/minneapple/weights/best.pt",
  "split": "test",
  "n_images": 331,
  "conf": 0.25,
  "counting": {
    "low": {
      "MAE": 3.6952380952380954,
      "RMSE": 5.033222956847166,
      "n": 105
    },
    "mid": {
      "MAE": 7.490654205607477,
      "RMSE": 9.553342616078778,
      "n": 214
    },
    "high": {
      "MAE": 20.75,
      "RMSE": 22.269186484168358,
      "n": 12
    },
    "all": {
      "MAE": 6.767371601208459,
      "RMSE": 9.220691299260256,
      "n": 331
    }
  }
}