{
  "method": "tiled",
  "prompt": "P1_basic",
  "split": "test",
  "n_images": 331,
  "counting": {
    "low": {
      "MAE": 28.98095238095238,
      "RMSE": 34.011902678467195,
      "n": 105
    },
    "mid": {
      "MAE": 25.565420560747665,
      "RMSE": 30.52477161655744,
      "n": 214
    },
    "high": {
      "MAE": 13.083333333333334,
      "RMSE": 16.600702796367788,
      "n": 12
    },
    "all": {
      "MAE": 26.196374622356494,
      "RMSE": 31.294768536679584,
      "n": 331
    }
  },
  "localization_f1_mean": 0.4059848737552941
}