{
  "method": "tiled",
  "prompt": "P1_basic",
  "split": "test",
  "n_images": 50,
  "counting": {
    "low": {
      "MAE": 22.941176470588236,
      "RMSE": 27.83776529232525,
      "n": 17
    },
    "mid": {
      "MAE": 26.19047619047619,
      "RMSE": 31.50510162769561,
      "n": 21
    },
    "high": {
      "MAE": 13.083333333333334,
      "RMSE": 16.600702796367788,
      "n": 12
    },
    "all": {
      "MAE": 21.94,
      "RMSE": 27.3221521846285,
      "n": 50
    }
  },
  "localization_f1_mean": 0.40937463812963815
}